term,tfidf_score
the,352.93469694465296
to,233.2630216317486
and,219.735157390817
of,210.0789696367969
his,163.45351583410547
in,161.0526150402712
her,121.08782749136888
is,119.92070702503636
with,111.27314816801471
an,108.21282615643477
their,99.72476334747448
he,99.14523798651472
on,95.587893234945
for,93.96678871031871
as,88.78799308264284
when,87.11568214239185
that,86.34194611452733
by,82.44286125180818
who,75.10929203669087
from,74.02446018345533
they,73.33106173660879
of the,69.77430997751979
into,68.74048595164466
in the,66.6138422782082
but,64.53093615482084
after,62.94267852789149
she,60.25268894986474
new,58.07907526300488
world,56.71446401789502
are,56.44854305922782
life,56.414372058226036
him,52.60388087963659
has,52.543999225141185
family,52.41882466574252
at,52.290202842879935
young,49.3613016051527
must,49.18552389389133
up,46.32141523025428
one,45.550009035892714
it,44.43786369004467
to the,43.19555985130856
man,43.078409590192535
out,42.52937577428689
two,39.954781512662294
and the,38.97451117665115
be,38.1211762451591
find,38.05237629015559
all,37.701552838270736
them,36.82808725165162
on the,36.66931820382155
with the,35.662574787397624
where,35.65054053900467
and his,34.19913469331427
love,33.989404282125626
will,33.25250013815022
finds,32.50444210826968
against,32.44806855311321
the world,32.19619642292602
home,32.153673627303874
old,31.967089784996435
mysterious,30.96823961740498
friends,30.816056972397913
while,30.40561205585566
war,30.31336570349711
group,29.957890328197347
of his,29.874250349800427
have,29.531016832402386
years,28.752653537491096
only,28.64284227166814
time,28.389155054125958
help,28.269136057630963
can,27.871232461524006
as the,27.402676914301168
back,27.044426332533643
lives,26.72267824917052
with his,26.69979700813174
woman,26.694807671992482
father,26.066291688693703
story,26.06281200969389
year,25.681058835632903
becomes,25.65775684042307
other,25.625703591687707
town,25.557406940516668
soon,25.553328664803324
to be,25.46649747239766
down,25.4637019261836
team,25.436867026912036
himself,25.37567029981137
more,25.26798230136809
what,25.178007171902216
school,25.148608306512624
group of,25.063827690710028
for the,24.992416629444048
most,24.863466954648377
from the,24.858336706795704
before,24.566004925421232
about,24.517945726468138
by the,24.499761106022003
this,24.490082848062325
save,24.281277297096345
mission,23.85660254012543
secret,23.620335824028444
to find,23.513250741181437
take,23.50930887452195
into the,23.424823129776392
wife,23.42305888504181
high,23.34244022362595
not,23.14886537585097
daughter,23.048094797958708
three,23.02309418247952
get,22.986943805154098
off,22.93295623805864
when the,22.895095993074992
own,22.81987519861584
mother,22.799955145019414
city,22.78703368937748
between,22.77350848044709
now,22.50226077354006
during,22.458266473949053
together,22.339245437927914
girl,22.177626536130596
through,22.160736960176987
son,21.96094807172394
begins,21.783607491489
night,21.774915313879937
fight,21.771486829100144
at the,21.67580087511878
over,21.616255484334914
past,21.27010349615587
former,21.034780367854058
agent,20.992495803546408
themselves,20.706254658793494
takes,20.662627425247862
death,20.61953053885139
way,20.553750957562485
battle,20.545079881137234
become,20.487316489151503
true,20.250021589726554
dangerous,19.990324284955594
to save,19.948240142769034
boy,19.773268663949732
forces,19.519518269988556
journey,19.49427516897075
and her,19.381794925154512
but when,19.357185273432243
year old,19.322297124193874
first,19.095902414348373
named,19.061661601267108
no,18.812873760274652
evil,18.74305293694973
discovers,18.62915334028536
its,18.545089026312745
day,18.542073318070315
forced,18.48805803664794
than,18.478458663916033
story of,18.414080985047836
american,18.106756020624474
being,18.02865706326906
been,17.98164725808558
set,17.740425447254143
friend,17.685984876124277
each,17.600829434042772
once,17.59502353773287
make,17.569447227665226
of her,17.541792655509962
adventure,17.539354125320894
was,17.458762965228633
face,17.44673297838791
stop,17.4460146316679
future,17.308834973265665
just,17.277866721026456
which,17.106865289193404
in an,16.961113081935316
crime,16.906524391708842
he is,16.851107219529133
of their,16.8472761283938
house,16.685970774149776
go,16.643164950092682
discover,16.616953776901603
deadly,16.573447736107816
to his,16.515629048408698
killer,16.386618479908172
there,16.352328408618632
earth,16.258522071149685
police,16.23430624186835
meets,16.222680355363234
turns,16.20419240522058
when he,16.156317453822833
forced to,16.15216730071464
or,16.11723375554202
behind,16.03583323775207
him to,16.012240100046718
finds himself,15.84299515518768
his family,15.820540454255621
powerful,15.735542130455094
murder,15.687689152972986
york,15.64540289166531
new york,15.64540289166531
relationship,15.581384954534254
as they,15.52121254714308
men,15.494098724869591
island,15.488439660869236
people,15.261324098769716
best,15.22532230775816
his wife,15.224637167963065
goes,15.210033896750044
unexpected,15.193337401985008
turn,15.117137763971838
human,15.109947005281107
gets,15.086756679523022
his life,15.033758112423826
unknown,15.000376612703388
living,14.99595113112002
out of,14.97385658786019
to take,14.955912361589329
dark,14.94560837617776
small,14.92186140504962
work,14.715805130298232
game,14.709355109171282
ever,14.595391204829264
order,14.479318746980312
sets,14.450127985138504
both,14.384734301906583
force,14.332545205856183
protect,14.303959364798411
to get,14.23599852282881
come,14.097006455026902
of an,14.082208621571366
end,14.06421705996237
last,13.869963055042879
determined,13.789315753963878
brother,13.768334634306767
ex,13.74737121124147
known,13.724926848903364
with her,13.713999472366387
ruthless,13.671840681729927
race,13.622577658149222
against the,13.571806458683719
if,13.547091793803693
husband,13.486696544331654
john,13.479613404296668
in his,13.473857053216667
even,13.470260357761475
comes,13.43845669792705
long,13.418851259899458
on his,13.404080356573774
left,13.365018071627297
power,13.362010568073549
lost,13.340164781885958
however,13.313660629588403
four,13.296838613687207
so,13.295530905151223
rescue,13.198036141464359
job,13.168455775149503
find themselves,13.145057572601205
detective,13.12456482177908
escape,13.119270609944058
may,13.09022934841494
for his,13.090203441913912
everything,12.983965018377631
herself,12.96293099875892
returns,12.923845602336188
one of,12.919525142267945
run,12.916653489317182
couple,12.84957348892035
each other,12.84853551488303
dead,12.818173728542625
army,12.79700636888037
bond,12.796673995796061
to help,12.750298254049627
under,12.73619994725789
things,12.672812549721147
series,12.64052509449677
real,12.626534643378221
little,12.611235736593926
events,12.600530464388449
survive,12.584268612445978
up with,12.55777054703687
falls,12.529134064637091
search,12.499724694315711
prison,12.496248407851462
children,12.484348743240188
order to,12.442239101469704
child,12.431791976674798
in order,12.423576836913645
is the,12.392936935596243
criminal,12.364681142557187
revenge,12.234349202328996
another,12.212786637277322
king,12.20956740133082
their lives,12.203966942724408
tries,12.200523868549308
head,12.190824164527285
survival,12.127814598747964
drug,12.126565846243448
return,12.12433676896639
to protect,12.122744859122765
they are,12.118797460041918
how,12.077201582191362
until,12.039695877373886
in love,12.02260415824864
as he,12.020951368271506
who is,12.014015260394299
determined to,12.002769512313181
crew,12.000035881807433
never,11.99744574724763
high school,11.982400954107199
again,11.9324460758676
could,11.91117249907743
whose,11.904228316908084
around,11.88388460991278
away,11.843227009163735
planet,11.841632119421204
local,11.790432283222431
quest,11.781903722321141
terrifying,11.756447697524663
case,11.686448509081101
his own,11.671339271163571
enemy,11.635140357803254
tries to,11.634795793198329
leads,11.609271702806964
after the,11.57408785116763
sister,11.571445088534997
that will,11.568761206909892
fate,11.55191802094496
unlikely,11.542472028090646
do,11.535968431738418
out to,11.499920382104447
series of,11.499080376609063
something,11.487029105869208
plot,11.427899500060391
begins to,11.37475445975633
chance,11.355167676458631
black,11.332619166583763
attempt,11.330468084598158
the most,11.303504343535783
parents,11.224969535387748
threatens,11.174915130719972
government,11.169944706815919
brutal,11.165017484389539
across,11.153696633507145
dreams,11.15092268504238
some,11.148134677198295
that the,11.089043579045445
threat,11.051888726339403
live,11.041697417470525
faces,11.03939352428246
team of,11.02040233055481
hope,11.018313161343098
uncover,10.998239793154553
learns,10.99031434531371
women,10.949091840971999
known as,10.937567210603913
called,10.933794017248674
put,10.929827413181238
legendary,10.928852801374799
to stop,10.927002720525708
country,10.926167733676584
every,10.924470401024895
begin,10.915865758083749
very,10.874372362082973
plan,10.843837629231949
film,10.841287471814107
embarks on,10.805848019153974
embarks,10.805848019153974
when they,10.750908170775316
beautiful,10.704623029729714
also,10.703853836059732
to make,10.568253994926978
and their,10.561036723854768
magical,10.537002571059158
from his,10.533933375668727
makes,10.528678561364469
desperate,10.523245814676239
big,10.518489277363075
remote,10.494404880729508
the story,10.469475550530996
re,10.437444009542808
alien,10.420868012263435
on an,10.39991765622195
lead,10.394891115383205
during the,10.389916477159538
personal,10.37883920830701
fbi,10.375086761345653
accidentally,10.306313453704703
save the,10.258994057283967
deep,10.248376205120364
control,10.247736141593494
change,10.231204285474913
help of,10.20522101692305
the help,10.195251053636527
officer,10.171602154252993
within,10.17148918423138
top,10.157551451326318
far,10.15365348869057
truth,10.149211403831856
land,10.130002221772687
who has,10.119789915400329
up to,10.101933697032845
confront,10.093077129591641
world of,10.076743028751796
with an,10.034084587164925
powers,10.032533838419322
humanity,10.004646297847902
bring,9.988583231429791
encounter,9.981913063025877
james,9.980239286672477
london,9.97976142811055
led,9.979373079538847
secrets,9.964616530368023
college,9.946876753118563
seems,9.913848234548846
violent,9.892250754947202
ancient,9.8906781889515
has been,9.852032542582034
five,9.827630837669444
that he,9.816089621323234
gang,9.812207430918201
history,9.81152119396362
place,9.809923806432922
captain,9.807315669738152
over the,9.793335763442304
star,9.757400912567803
is forced,9.739094612763424
sent,9.70965049248854
ultimate,9.670272708946582
learn,9.667197699186225
money,9.66199108178475
his father,9.648278825746743
when his,9.646039140951292
when she,9.627090013871651
form,9.625659261066557
joins,9.620350349238782
to survive,9.61275539373603
forever,9.599960920941042
following,9.597406187585555
wrong,9.59564834654031
young man,9.593113419872674
strange,9.5913739849208
those,9.570967467354647
wedding,9.556879811737774
good,9.516375768159204
trying,9.515615800055723
quickly,9.50347165820603
upon,9.478195746096393
business,9.469589951162988
days,9.463379717630803
he must,9.446610667128985
trip,9.435017308963522
like,9.424687990405102
next,9.416382541059056
trapped,9.396028842777014
then,9.395064123237004
taken,9.392781672201835
wants,9.378797204670498
band,9.362696449926261
teenage,9.357343915253
and an,9.352479670274695
young woman,9.348874051743799
cia,9.298410258976165
decides,9.273191404668541
turned,9.270597328572949
nothing,9.216150715397626
space,9.19880738126375
late,9.198569178306066
elite,9.160938918752224
sinister,9.138617046698263
th,9.131429810526281
where he,9.131139567270907
epic,9.130991445749043
mystery,9.12665603582967
trying to,9.120808452136059
hunt,9.116854086841593
wealthy,9.107018804195704
for her,9.102438268865987
starts,9.099087669425906
military,9.095760893029082
an unexpected,9.094518952530871
along,9.091429690881709
mission to,9.089678584997554
leader,9.085338673726156
student,9.078758088348733
back to,9.054050558122801
he has,9.051919458189753
law,9.021427781674781
company,8.985085944634369
hero,8.974380199468365
heart,8.945849563548736
dream,8.929210026499717
same,8.921336064057765
road,8.896224754864097
attempt to,8.88678299168099
dr,8.884496292575912
their own,8.875572868667435
plans,8.869002507472155
murdered,8.861215267091595
up in,8.837556362065504
kids,8.832470254518626
years after,8.817292462216345
yet,8.811424411544378
in their,8.806981102280666
brothers,8.806496332410765
start,8.801182011220448
the same,8.78886715644437
international,8.783678339520812
to become,8.753820801837765
destroy,8.747348257201562
friendship,8.714725951927488
too,8.705895265016402
embark,8.70320634110176
join,8.686046599576255
only to,8.680437352580688
global,8.675205599700693
the only,8.672101200913232
sets out,8.671789099994108
single,8.670507869677802
but the,8.634517851819504
self,8.601781063028051
century,8.577114176275394
to her,8.575505621856047
when an,8.56350811052692
girlfriend,8.56217759412441
inside,8.559034456909554
try,8.552648727930862
the two,8.53318837397477
creatures,8.513790101200762
america,8.50857068031289
village,8.4893889920757
returns to,8.484966053534952
his new,8.479401173012052
great,8.436482547397203
childhood,8.422729950823292
tale,8.422122179776485
suddenly,8.420217756553194
queen,8.415890186962251
finally,8.402992078561322
perfect,8.384743296135976
street,8.367499917672815
her family,8.35465968995927
six,8.343081397408753
prince,8.246559944607116
kill,8.245028316204202
working,8.215376742711959
car,8.210729266089487
fighting,8.205710756312984
everyone,8.204770861466338
they re,8.201775359271938
world war,8.185050855698845
alone,8.117951825647634
full,8.115212474715596
where the,8.111101702956427
conspiracy,8.10620540506199
fall,8.101859522324638
harry,8.091996676604639
the ultimate,8.07284619185146
cat,8.070972045779875
missing,8.053214472986332
hidden,8.04912452971504
break,8.044854492505369
embark on,8.023515311680613
to an,8.019534000289452
based,8.01631974070166
humans,8.013426336713135
still,8.002213846577805
investigate,8.000915081920226
her life,8.000379942231513
special,7.9991014506318665
chaos,7.998903380716934
the family,7.9955236653561546
kidnapped,7.983673039034734
final,7.956119602242924
later,7.930660220806595
prove,7.9155647969821
entire,7.915351478077573
free,7.901140308548786
through the,7.863068929155202
the city,7.856313624439695
these,7.846107832019467
career,7.844712657428476
to fight,7.829517745301607
encounters,7.82129111029479
reunite,7.813360562665467
by his,7.80562721440575
finds herself,7.801000286913155
british,7.7991290092818275
for their,7.793001830617984
any,7.7926393110428505
decides to,7.791021921302044
they must,7.778525793275371
well,7.771937375471808
return to,7.759716847933368
princess,7.750158760440583
the other,7.746963082790368
quest to,7.743788969976637
peter,7.743467572875101
into an,7.73678979107298
super,7.723881741490616
los,7.72172839761248
angeles,7.72172839761248
los angeles,7.72172839761248
summer,7.721207659422271
he can,7.704889404726025
struggles,7.700204509669884
find the,7.693558904784195
decide,7.6931247377305505
keep,7.683111128833543
vampire,7.665223021761465
including,7.64222571494398
try to,7.638567078202678
the mysterious,7.636676766131189
she is,7.628335465959179
on her,7.615144598496476
to discover,7.585081750291579
life of,7.5758337997069205
in her,7.561027411977404
love and,7.560817048214093
universe,7.555819798205796
leave,7.550631552155064
body,7.550565159180087
the first,7.541037795812526
supernatural,7.525924273006644
notorious,7.52295439478908
dog,7.520727143397024
criminals,7.510129438909605
the man,7.504003244026277
jack,7.501170248410105
true story,7.501102122411869
romance,7.495134048009452
in this,7.4451475284021855
fight for,7.443862132388935
to bring,7.442836708498207
hit,7.426708279777812
baby,7.422689019299548
nightmare,7.411683272553826
ends,7.404709486671869
christmas,7.387271088670382
middle,7.376720651752433
frank,7.37312652830621
class,7.368187824731883
led by,7.355533137893129
see,7.3419038850862055
accident,7.325631624173069
man who,7.324372058631506
estranged,7.317215849302669
boss,7.313581311757118
the truth,7.310280799849204
becoming,7.307795601507972
use,7.306814534213783
drawn,7.2968453230451225
arrives,7.28756813872055
ii,7.274886811307193
from her,7.269743944533384
york city,7.263995042283784
professor,7.256428100493236
way to,7.2563523750008985
hard,7.254775333752287
assassin,7.2526327783754345
travel,7.248699772313475
realizes,7.247566690679955
reality,7.24450526681581
after his,7.24411153179894
despite,7.23045163829733
the future,7.225947626761617
tragedy,7.222163667694543
threatens to,7.216396872656615
moves,7.212109325097693
to go,7.211307529107449
meet,7.203819294811897
ship,7.196405438738071
beyond,7.1886574936245955
struggle,7.186692307797682
to investigate,7.182159453266835
partner,7.180148639804722
using,7.1788387705602705
turns into,7.178130725403038
us,7.169641931351121
existence,7.158279367185792
between the,7.140792624314814
discovery,7.139192777789905
age,7.137261754451243
the true,7.122033796439241
hands,7.121250811067018
seeks,7.119248329244896
impossible,7.109244645200564
party,7.105968263860832
near,7.104402538249988
journey to,7.072192884077217
boyfriend,7.058233623252581
society,7.046838388940335
is an,7.042364084945109
action,7.041022781304512
the evil,7.032397916926414
small town,7.020068955569254
danger,7.008616811849094
struggling,7.003527352113197
wild,6.988169140720758
based on,6.986664907568856
attack,6.979487882858418
to their,6.951279949324454
his daughter,6.950155654119363
course,6.946793171011852
teacher,6.934732267480042
many,6.933087727096462
to rescue,6.93045619508879
travels,6.91836350781117
crash,6.909918859415229
warrior,6.9014182571827
mr,6.899863491819806
teams,6.875793431008964
love with,6.862319131419809
bad,6.8415012907590755
skills,6.838516116055773
since,6.838297655107638
begin to,6.828208949051326
rise,6.820281372749016
taking,6.8169057166527045
vacation,6.812585355901887
by an,6.811695020827879
becomes the,6.808606419118926
cop,6.8082553137600295
organization,6.775996042988251
veteran,6.772862393509388
among,6.772331872954092
major,6.764119318206639
movie,6.759840127242014
stranded,6.741663810048517
an epic,6.739056000196084
soldier,6.738344808451639
them to,6.7260630358729525
guy,6.703022677713909
married,6.696204099279469
where they,6.695845740584438
to uncover,6.691046340593983
affair,6.6825243822433125
visit,6.672542132985971
to escape,6.672116180156503
follows,6.67125429715171
music,6.670495241696036
without,6.670406854222238
teen,6.667433211513908
owner,6.664194606277976
that she,6.649670194661038
down the,6.6417610562339116
white,6.634817390049778
more than,6.633294323802602
lawyer,6.629317646862293
leading,6.625451906932264
operative,6.62411040634742
to life,6.622416197813516
across the,6.609311017442956
from their,6.604831942384644
justice,6.604053302344356
an american,6.598727904363675
killing,6.596131542837288
having,6.58815469687793
attempts,6.582332709236382
monster,6.580097684504705
puts,6.555466409136105
the town,6.550941063682079
finding,6.5499866912500995
as an,6.549771549975668
storm,6.544500939410696
might,6.539808468109644
apart,6.5143238768314715
door,6.511750741226783
for survival,6.508632262392596
her to,6.502099762029415
lover,6.493225885424444
to keep,6.478819252337524
stakes,6.4780228807686715
her own,6.461070774484679
seemingly,6.459669885236574
cross,6.439267707845151
michael,6.4368333723644575
move,6.417264797219811
under the,6.411092874666481
test,6.3930090961328165
stay,6.392590417489417
discovers that,6.384965543546647
found,6.371806760812142
massive,6.366064605945721
with their,6.3561842912129904
best friend,6.355799343042953
marriage,6.350397039354908
master,6.336315962004813
students,6.324123164123786
members,6.318221343263256
their home,6.314166326023447
south,6.313623325606006
wants to,6.307367074302945
had,6.306220817693785
in search,6.29825812000124
to face,6.291695716838823
save his,6.288850893998462
lord,6.280823916892656
magic,6.280667298388732
sea,6.276290893188957
fight to,6.274017946987885
war ii,6.271734903449608
life and,6.2620340750545616
strangers,6.259467939576288
track,6.259038612296113
rest,6.251031430225395
the new,6.244695237453879
increasingly,6.244265127452868
anything,6.240256729390132
forest,6.240183644328005
an unlikely,6.239852724758596
on their,6.239472215131843
dragon,6.2282822663421005
figure,6.220595642999619
the way,6.219833821292429
adventures,6.21687659766937
search for,6.213003140883337
together to,6.210527298677207
making,6.202345560797031
security,6.193331890796386
is not,6.188020636038787
sent to,6.178895459494586
would,6.172970151980186
that his,6.161565128425178
virus,6.158778926912578
odds,6.132952430915665
town of,6.118904783778664
killed,6.1184940345149625
the night,6.112029152480223
hired,6.110237171902413
struggles to,6.099890995887193
part,6.098367915973533
about to,6.093543368027771
going,6.086781913173858
community,6.085878727414483
fear,6.076978509480099
don,6.076530162242566
quiet,6.070683940046079
works,6.06796523688007
become the,6.066752483090237
path,6.063683692151453
nick,6.05744893522345
alive,6.055449233892394
survivors,6.045875800888316
th century,6.037581429043833
spy,6.035540546311434
trail,6.034045356195444
hell,6.025816694671496
sexual,6.019328379392744
target,6.00926850164087
heroes,6.00703960559862
about the,6.005053519967933
growing,6.003045387943324
desire,6.002949754653471
kingdom,6.001710364571281
not only,5.997204035995983
him and,5.994942264392939
the last,5.981902984070106
identity,5.968623864582671
meanwhile,5.966818513469976
book,5.966788172527151
ocean,5.966413405643987
because,5.9661335383341765
fights,5.953084941316813
and is,5.9500182884290265
enters,5.9483369530113785
pair,5.947010021042601
to prove,5.93807213188693
united,5.936574043480264
forces with,5.932826580078642
side,5.930461947938493
full of,5.912796376356667
seven,5.904923622959028
caught,5.900708268896326
search of,5.889379558302797
newly,5.886939386724781
safe,5.886817201838422
she has,5.877978476470278
warriors,5.877683538000722
pilot,5.8758885945170904
unexpectedly,5.874967470814836
to destroy,5.874387021489925
beloved,5.859726182604845
are forced,5.855570059165557
prevent,5.853717524107051
others,5.853453326894882
russian,5.852771011927623
for an,5.852291960855698
joe,5.839669681421296
allies,5.8317546929916455
ll,5.830646368113924
ordinary,5.829704185292649
the death,5.828197451802268
has to,5.826354468064053
the war,5.820593381544082
rich,5.81358083679086
they have,5.806439378073932
rock,5.769872319448578
comes to,5.768069620003557
right,5.760136599187469
take on,5.757235785967801
park,5.743645990907573
his son,5.738870658414552
show,5.737101986731132
ultimately,5.731197869571466
how to,5.728487793323435
monsters,5.719795565868968
globe,5.71636411543631
peace,5.712965215302345
extraordinary,5.711867169432857
president,5.708584319462665
race against,5.70582660061392
upside,5.704105634670978
upside down,5.704105634670978
stories,5.703600364743372
life is,5.696212843888809
he meets,5.688928710255056
win,5.687006150607023
hiding,5.682365081414977
looking,5.6792830973596535
himself in,5.678074790144247
spirit,5.675707884386793
the planet,5.664430232673862
family and,5.66033604301918
wife and,5.647410160233761
eve,5.644941571484954
to do,5.638349180264636
along with,5.636998899470535
to have,5.6281942329790695
must fight,5.620479279869931
his past,5.60906224523362
teams up,5.606886640012707
needs,5.606534879132403
different,5.599306353730992
latest,5.594994916921268
may be,5.583246327856713
animal,5.576739937861085
sex,5.570261725155024
attempts to,5.565383304194694
as she,5.564544586877954
time to,5.554323805716815
to live,5.541329599757587
be the,5.5060102352367695
soul,5.50379467771167
his mother,5.483176823032044
green,5.470970337789162
the universe,5.455755719486125
stand,5.455694997685584
her husband,5.430873232812133
though,5.425749563599272
animals,5.419692773085422
enough,5.410470249122052
with no,5.400034310938518
thing,5.376353933495448
thought,5.367908315941377
losing,5.362672051485382
all the,5.355465990151884
eye,5.34722215364849
stop the,5.338141225781818
uncover the,5.334239414809292
the country,5.325469187289727
alex,5.317129141499566
the real,5.317000605390942
older,5.306174635499908
the entire,5.302720016333803
hopes,5.292512639527388
an ancient,5.2793148244627846
red,5.274402046095502
he finds,5.273403585607063
doesn,5.2624544287090655
solve,5.257119125852274
discover that,5.247633236674175
her father,5.247505760688064
to turn,5.2406538632485455
all of,5.223026453385633
few,5.219192508465693
balance,5.215432540529841
leaves,5.198043646496751
question,5.179429945155201
in time,5.177346514273697
line,5.169158851949718
one day,5.146727278266806
villain,5.130049983463855
rival,5.124551552725875
does,5.122074714577671
our,5.076866097954261
his way,5.032778638310989
she must,4.9923057566144005
charlie,4.9919369172649235
to return,4.988510866719613
always,4.978705455132014
in which,4.9433100286045475
paul,4.909946100890587
knows,4.906872254202905
the earth,4.870956271780641
able,4.867998792499388
before it,4.839554245435429
it is,4.793518037289023
the fate,4.671215278569218
fate of,4.671215278569218
have to,4.657367255378748
it all,4.630141398751169
learns that,4.4928996367435685
